{
  "all_dc4": [
    [
      0.13984375,
      0.1951171875,
      0.4408203125,
      0.2796875,
      0.22255859374999998,
      0.03896484374999998,
      0.0005859375000000222,
      0.28251953125,
      -0.006640624999999956
    ],
    [
      0.25927734375,
      0.203515625,
      0.20703125,
      0.12841796875,
      0.2796875,
      0.08056640625,
      -0.271875,
      0.31318359375,
      0.09072265624999998
    ],
    [
      0.006152343750000001,
      -0.0330078125,
      0.11884765625,
      0.1001953125,
      0.2111328125,
      0.0576171875,
      -0.37412109375,
      0.2666015625,
      0.09335937500000002
    ],
    [
      -0.0548828125,
      0.09755859375,
      0.18623046875,
      0.18212890625,
      0.3083984375,
      0.2833984375,
      0.47353515625,
      0.27783203125,
      0.26123046875
    ],
    [
      -0.11484375,
      -0.020703125,
      0.16142578125,
      0.19521484375,
      0.29453125,
      0.32978515625,
      0.44765625,
      0.28505859375,
      0.3162109375
    ],
    [
      -0.037695312499999994,
      -0.09375,
      0.015039062499999978,
      0.258984375,
      0.58955078125,
      0.56044921875,
      0.8884765625,
      0.31005859375,
      0.0012695312499999556
    ],
    [
      -0.163671875,
      -0.21669921875,
      0.017480468749999978,
      0.1798828125,
      0.5287109375,
      0.36865234375,
      0.50732421875,
      0.23017578125,
      -0.00146484375
    ],
    [
      -0.03662109375,
      0.1697265625,
      0.23964843749999998,
      0.03349609375,
      0.22568359375,
      -0.016992187500000006,
      0.03369140625,
      0.21240234375,
      0.35458984375
    ],
    [
      -0.07998046875,
      0.083203125,
      0.303125,
      0.33330078125,
      0.31279296875,
      0.203125,
      0.11552734374999996,
      0.540234375,
      0.51376953125
    ]
  ],
  "scalar_echo": [
    -0.009157986111111108,
    0.04277343750000001,
    0.1877387152777778,
    0.1879231770833333,
    0.33033854166666665,
    0.2117296006944444,
    0.20231119791666663,
    0.30200737847222225,
    0.18033854166666666
  ],
  "modes": {
    "l0": 0.1879231770833333,
    "l1": 0.27336154513888894,
    "l2": 0.12559895833333332,
    "qpu_time": 76.73054504394531
  },
  "cos_beta": 0.9497657153816387
}