{
  "patch_a": {
    "patch": "Patch_A_hub3",
    "mean_decomp": {
      "laplacian": {
        "0": 0.22029296874999998,
        "1": 0.26951497395833335,
        "2": 0.24401757812499997
      },
      "dirac": {
        "0.5": 0.09416015624999999,
        "1.5": 0.2920458984375
      },
      "gauge": 0.2974739583333333,
      "lap_residual": 0.28095029963175455,
      "dirac_residual": 0.22074938255945836,
      "lap_r2": 0.007783142642390883,
      "dirac_r2": 0.22039143964656494,
      "mixing": 0.9658895282537016
    },
    "mixings": [
      0.9058553007374063,
      0.8248467137139727,
      0.9771635637562356,
      0.5173917150692395,
      0.8610426090585387,
      0.7688223191330678,
      0.8718376734216915,
      0.6596654112170139,
      0.8445133858167435,
      0.945352932468769
    ],
    "lap_r2s": [
      0.07448721066819874,
      0.05082929957970783,
      0.002696703079851148,
      0.23813014250909814,
      0.005139509986436419,
      0.08258706848059694,
      0.047891342155326866,
      0.020390657542732726,
      0.04588018826065976,
      0.007260005303075134
    ],
    "dir_r2s": [
      0.7167119885605842,
      0.239369649338116,
      0.11539103403751527,
      0.25529309522761523,
      0.031846719760792674,
      0.27465792234589514,
      0.3257858798016633,
      0.039522904624569644,
      0.24919465468746305,
      0.12559260017161022
    ]
  },
  "patch_b": {
    "patch": "Patch_B_hub7",
    "qubits": [
      4,
      5,
      6,
      7,
      8,
      9,
      10,
      17,
      27
    ],
    "cz": 67,
    "depth": 101,
    "qpu_time": 77.20141816139221,
    "job_id": "d77hs5bc6das739gpjvg",
    "mean_decomp": {
      "laplacian": {
        "0": 0.18448242187500002,
        "1": 0.23171549479166664,
        "2": 0.203240234375
      },
      "dirac": {
        "0.5": 0.04191406250000001,
        "1.5": 0.2606982421875
      },
      "gauge": 0.2564029947916666,
      "lap_r2": 0.008121334232898625,
      "dir_r2": 0.2596911425172227,
      "mixing": 0.9696752954475825
    },
    "mixings": [
      0.8231437152424024,
      0.9641921373567978,
      0.7589874484470358,
      0.9836415526237976,
      0.7133166807028789,
      0.9976645550258216,
      0.9887705170299895,
      0.8282937677088421,
      0.7465098693619576,
      0.7878809716030847
    ],
    "lap_r2s": [
      0.045841999595139904,
      0.021056159122504248,
      0.10788741448772543,
      0.0027463173142022734,
      0.10577007713813102,
      0.0006042577077246536,
      0.0048648024416488855,
      0.019393785493056703,
      0.033628311373459896,
      0.09027972281169183
    ],
    "dir_r2s": [
      0.2133628098803716,
      0.566975562634046,
      0.33975489207495335,
      0.16513742195786918,
      0.26317387606240383,
      0.2581291804188698,
      0.4283521546204757,
      0.09355369017090842,
      0.09903291409049175,
      0.3353290662440508
    ]
  },
  "patch_b_seeds": [
    {
      "laplacian": {
        "0": 0.26181640625,
        "1": 0.38583984374999997,
        "2": 0.25199218749999996
      },
      "dirac": {
        "0.5": 0.05961914062500001,
        "1.5": 0.4088134765625
      },
      "gauge": 0.3082682291666667,
      "lap_r2": 0.045841999595139904,
      "dir_r2": 0.2133628098803716,
      "mixing": 0.8231437152424024
    },
    {
      "laplacian": {
        "0": 0.19697265625,
        "1": 0.3037434895833333,
        "2": 0.28019531250000007
      },
      "dirac": {
        "0.5": -0.014941406250000011,
        "1.5": 0.33176269531249997
      },
      "gauge": 0.40400390625,
      "lap_r2": 0.021056159122504248,
      "dir_r2": 0.566975562634046,
      "mixing": 0.9641921373567978
    },
    {
      "laplacian": {
        "0": 0.07548828125,
        "1": 0.24036458333333333,
        "2": 0.3402734375
      },
      "dirac": {
        "0.5": 0.006005859374999999,
        "1.5": 0.3164306640625
      },
      "gauge": 0.40673828125,
      "lap_r2": 0.10788741448772543,
      "dir_r2": 0.33975489207495335,
      "mixing": 0.7589874484470358
    },
    {
      "laplacian": {
        "0": 0.31640625,
        "1": 0.3578776041666667,
        "2": 0.31505859375
      },
      "dirac": {
        "0.5": 0.038671874999999994,
        "1.5": 0.42189941406250003
      },
      "gauge": 0.40013020833333335,
      "lap_r2": 0.0027463173142022734,
      "dir_r2": 0.16513742195786918,
      "mixing": 0.9836415526237976
    },
    {
      "laplacian": {
        "0": 0.25986328125,
        "1": 0.23951822916666665,
        "2": 0.148125
      },
      "dirac": {
        "0.5": 0.05771484375000001,
        "1.5": 0.2555908203125
      },
      "gauge": 0.19375,
      "lap_r2": 0.10577007713813102,
      "dir_r2": 0.26317387606240383,
      "mixing": 0.7133166807028789
    },
    {
      "laplacian": {
        "0": -0.0017578124999999998,
        "1": -0.012858072916666671,
        "2": -0.0111328125
      },
      "dirac": {
        "0.5": 0.11079101562499999,
        "1.5": -0.028710937500000002
      },
      "gauge": -0.067578125,
      "lap_r2": 0.0006042577077246536,
      "dir_r2": 0.2581291804188698,
      "mixing": 0.9976645550258216
    },
    {
      "laplacian": {
        "0": 0.24208984375,
        "1": 0.23906249999999998,
        "2": 0.2136328125
      },
      "dirac": {
        "0.5": -0.0036132812500000028,
        "1.5": 0.293408203125
      },
      "gauge": 0.28701171875000003,
      "lap_r2": 0.0048648024416488855,
      "dir_r2": 0.4283521546204757,
      "mixing": 0.9887705170299895
    },
    {
      "laplacian": {
        "0": 0.1892578125,
        "1": 0.12526041666666668,
        "2": 0.1901171875
      },
      "dirac": {
        "0.5": 0.06035156250000001,
        "1.5": 0.16591796875
      },
      "gauge": 0.24375,
      "lap_r2": 0.019393785493056703,
      "dir_r2": 0.09355369017090842,
      "mixing": 0.8282937677088421
    },
    {
      "laplacian": {
        "0": 0.0908203125,
        "1": 0.1890625,
        "2": 0.14908203125000002
      },
      "dirac": {
        "0.5": 0.061669921875000006,
        "1.5": 0.1812744140625
      },
      "gauge": 0.18499348958333336,
      "lap_r2": 0.033628311373459896,
      "dir_r2": 0.09903291409049175,
      "mixing": 0.7465098693619576
    },
    {
      "laplacian": {
        "0": 0.2138671875,
        "1": 0.24928385416666665,
        "2": 0.15505859375000003
      },
      "dirac": {
        "0.5": 0.042871093750000006,
        "1.5": 0.260595703125
      },
      "gauge": 0.20296223958333334,
      "lap_r2": 0.09027972281169183,
      "dir_r2": 0.3353290662440508,
      "mixing": 0.7878809716030847
    }
  ],
  "cos_beta": 0.9497657153816387,
  "total_qpu": 78.42741346359253
}