{
  "experiment": "listen_to_echoes_S2N3",
  "backend": "ibm_fez",
  "depth": 6,
  "shots": 5000,
  "n_mc": 10,
  "sphere_qubits": [
    0,
    1,
    2,
    3,
    4,
    5,
    6,
    16,
    23
  ],
  "cos_beta": 0.9497657153816387,
  "total_time": 67.66797924041748,
  "Z_dc4_single": [
    -0.0496,
    0.04784,
    0.11348,
    0.18708000000000002,
    0.25712,
    0.18968,
    0.3444,
    0.28892,
    0.2976
  ],
  "Z_dc4_conn": [
    [
      -0.0022127040000001763,
      -0.148260432,
      -0.021648912,
      0.031632288,
      0.026770608,
      0.046106192000000004,
      0.033778079999999995,
      0.0365844,
      0.03617827199999999
    ],
    [
      -0.148260432,
      -0.0013741439999997995,
      0.119048,
      0.07815264,
      0.0205976,
      0.037741056,
      0.008796047999999994,
      0.032148256,
      0.051488672
    ],
    [
      -0.021648912,
      0.119048,
      -0.02166510399999999,
      0.18099451200000002,
      0.151614256,
      0.07929676799999999,
      0.100676224,
      0.10201111999999998,
      0.047700911999999984
    ],
    [
      0.031632288,
      0.07815264,
      0.18099451200000002,
      -0.033867471999999954,
      0.1077476,
      0.05477711999999999,
      0.07669470399999999,
      0.169521632,
      0.069980384
    ],
    [
      0.026770608,
      0.0205976,
      0.151614256,
      0.1077476,
      -0.05967017600000013,
      0.071348176,
      0.12482955200000001,
      0.19989462400000002,
      0.10919103999999999
    ],
    [
      0.046106192000000004,
      0.037741056,
      0.07929676799999999,
      0.05477711999999999,
      0.071348176,
      -0.048775648000000005,
      0.081246688,
      0.08573243200000001,
      0.141578912
    ],
    [
      0.033778079999999995,
      0.008796047999999994,
      0.100676224,
      0.07669470399999999,
      0.12482955200000001,
      0.081246688,
      -0.17509295999999996,
      0.11286956800000002,
      0.07974583999999997
    ],
    [
      0.0365844,
      0.032148256,
      0.10201111999999998,
      0.169521632,
      0.19989462400000002,
      0.08573243200000001,
      0.11286956800000002,
      -0.08337220800000011,
      0.138077952
    ],
    [
      0.03617827199999999,
      0.051488672,
      0.047700911999999984,
      0.069980384,
      0.10919103999999999,
      0.141578912,
      0.07974583999999997,
      0.138077952,
      -0.16103542400000015
    ]
  ],
  "Z_modes": {
    "l0": 0.18708000000000002,
    "l1": 0.21984000000000004,
    "l2": 0.165984
  },
  "Z_job_id": "d77g3voeecps73d61eqg",
  "X_dc4_single": [
    0.012359999999999996,
    0.09056,
    0.03344,
    0.09812000000000001,
    -0.012960000000000006,
    -0.06232,
    0.1424,
    -0.03048,
    0.28315999999999997
  ],
  "X_dc4_conn": [
    [
      -5.617600000007439e-05,
      0.04661649600000001,
      0.019234864,
      -0.049405328,
      0.009201376,
      0.004300112,
      0.06694376,
      -0.04146768,
      0.11010076800000002
    ],
    [
      0.04661649600000001,
      -0.004639424000000059,
      0.124259248,
      0.042678112,
      0.04134512,
      0.042196736,
      0.003999888000000001,
      -0.016768368,
      0.026103744
    ],
    [
      0.019234864,
      0.124259248,
      -0.0005303679999999478,
      0.074324336,
      0.030661424000000007,
      0.034544176,
      -0.007621135999999999,
      -0.046699456,
      -0.014045248
    ],
    [
      -0.049405328,
      0.042678112,
      0.074324336,
      -0.0016587039999998998,
      -0.015303088,
      -0.013864623999999999,
      -0.051213631999999995,
      0.021294928,
      0.004033712000000002
    ],
    [
      0.009201376,
      0.04134512,
      0.030661424000000007,
      -0.015303088,
      -6.399999996631323e-08,
      0.05313214399999999,
      0.04577464,
      -0.0050848959999999985,
      -0.008039775999999997
    ],
    [
      0.004300112,
      0.042196736,
      0.034544176,
      -0.013864623999999999,
      0.05313214399999999,
      -0.006627807999999846,
      -0.076133056,
      0.02875192,
      0.010113407999999997
    ],
    [
      0.06694376,
      0.003999888000000001,
      -0.007621135999999999,
      -0.051213631999999995,
      0.04577464,
      -0.076133056,
      -0.034623007999999955,
      -0.054164703999999994,
      0.06630155199999999
    ],
    [
      -0.04146768,
      -0.016768368,
      -0.046699456,
      0.021294928,
      -0.0050848959999999985,
      0.02875192,
      -0.054164703999999994,
      0.00027740800000020105,
      -0.077217552
    ],
    [
      0.11010076800000002,
      0.026103744,
      -0.014045248,
      0.004033712000000002,
      -0.008039775999999997,
      0.010113407999999997,
      0.06630155199999999,
      -0.077217552,
      -0.10686583999999999
    ]
  ],
  "X_modes": {
    "l0": 0.09812000000000001,
    "l1": -0.003333333333333336,
    "l2": 0.09323199999999998
  },
  "X_job_id": "d77g45rc6das739gnr00",
  "Y_dc4_single": [
    0.04132,
    -0.005160000000000001,
    0.022400000000000003,
    -0.06256,
    0.0034399999999999986,
    -0.02052,
    0.10464,
    0.010800000000000002,
    0.1496
  ],
  "Y_dc4_conn": [
    [
      -0.0016273759999999582,
      -0.04317488,
      -0.057373007999999996,
      0.017797296,
      -0.023377856,
      0.004458528,
      0.006838031999999999,
      -0.010993616000000001,
      -0.007396912000000004
    ],
    [
      -0.04317488,
      0.0015848480000000276,
      -0.032341999999999996,
      -0.009894848000000001,
      -0.003635807999999999,
      -0.014442015999999998,
      -0.027291744,
      0.026304031999999998,
      -0.009220831999999998
    ],
    [
      -0.057373007999999996,
      -0.032341999999999996,
      -0.0013797440000000716,
      -0.09925356800000001,
      0.015358384000000001,
      -0.039436048,
      -0.0273296,
      0.02051472,
      -0.0025690240000000005
    ],
    [
      0.017797296,
      -0.009894848000000001,
      -0.09925356800000001,
      -0.0029799679999999995,
      -0.040861711999999994,
      0.05699019199999999,
      0.005776176,
      -0.038632176,
      -0.011640656000000001
    ],
    [
      -0.023377856,
      -0.003635807999999999,
      0.015358384000000001,
      -0.040861711999999994,
      0.0009450879999999273,
      -0.05691148800000001,
      -0.005118047999999997,
      0.0023656479999999997,
      -0.032475456
    ],
    [
      0.004458528,
      -0.014442015999999998,
      -0.039436048,
      0.05699019199999999,
      -0.05691148800000001,
      0.0004834719999999848,
      -0.008916896,
      -0.047080032,
      0.010198064
    ],
    [
      0.006838031999999999,
      -0.027291744,
      -0.0273296,
      0.005776176,
      -0.005118047999999997,
      -0.008916896,
      0.02797008000000001,
      0.004976319999999994,
      0.040930032
    ],
    [
      -0.010993616000000001,
      0.026304031999999998,
      0.02051472,
      -0.038632176,
      0.0023656479999999997,
      -0.047080032,
      0.004976319999999994,
      0.0010495360000002396,
      0.007312127999999994
    ],
    [
      -0.007396912000000004,
      -0.009220831999999998,
      -0.0025690240000000005,
      -0.011640656000000001,
      -0.032475456,
      0.010198064,
      0.040930032,
      0.007312127999999994,
      -0.02563587199999995
    ]
  ],
  "Y_modes": {
    "l0": -0.06256,
    "l1": 0.012213333333333335,
    "l2": 0.053976
  },
  "Y_job_id": "d77g4bak86tc739u4h30"
}