{
  "timestamp": "20260402_174003",
  "phase": "ideal_simulator",
  "framework_constants": {
    "cos_beta": 0.9497657153816387,
    "cos2_beta": 0.9020549141143959,
    "hex_pack": 0.9068996821171089,
    "inv_pi": 0.3183098861837907,
    "sin2_beta": 0.09794508588560417
  },
  "results": [
    {
      "n_sys": 4,
      "depth": 2,
      "seed": 42,
      "d_shift": 0,
      "butterfly_qubit": 3,
      "measure_qubit": 0,
      "n_mc": 10,
      "identity_Z": [
        1.0000000000000004,
        1.0000000000000004,
        1.0000000000000004,
        1.0000000000000004
      ],
      "random_Z_mean": [
        1.0000000000000004,
        1.0000000000000004,
        0.952848426915517,
        0.9660245006934927
      ],
      "random_Z_std": [
        6.299965420058443e-16,
        6.299965420058443e-16,
        0.05628747280409203,
        0.04120871688740275
      ],
      "delta_c4_spatial": [
        0.0,
        0.0,
        0.04715157308448348,
        0.033975499306507784
      ],
      "delta_c4_scalar": 0.0,
      "delta_c4_mean_all": 0.020281768097747815,
      "delta_c4_max": 0.04715157308448348,
      "pct_negative": 0.0,
      "mb_ratio": 1.0,
      "elapsed_s": 0.05290961265563965
    },
    {
      "n_sys": 6,
      "depth": 3,
      "seed": 42,
      "d_shift": 0,
      "butterfly_qubit": 4,
      "measure_qubit": 0,
      "n_mc": 10,
      "identity_Z": [
        0.9999999999999996,
        0.9999999999999996,
        0.9999999999999996,
        0.9999999999999996,
        0.9999999999999996,
        0.9999999999999996
      ],
      "random_Z_mean": [
        1.0000000000000004,
        1.0000000000000004,
        0.5969019622360016,
        0.1403700507299124,
        0.8417364623625758,
        0.8883825996458358
      ],
      "random_Z_std": [
        5.111850690840453e-16,
        5.111850690840453e-16,
        0.3330551891493821,
        0.5964218303876072,
        0.10961943789110803,
        0.04344308257443449
      ],
      "delta_c4_spatial": [
        -8.881784197001252e-16,
        -8.881784197001252e-16,
        0.403098037763998,
        0.8596299492700872,
        0.15826353763742373,
        0.11161740035416379
      ],
      "delta_c4_scalar": -8.881784197001252e-16,
      "delta_c4_mean_all": 0.2554348208376118,
      "delta_c4_max": 0.8596299492700872,
      "pct_negative": 33.333333333333336,
      "mb_ratio": 0.8,
      "elapsed_s": 0.06197166442871094
    },
    {
      "n_sys": 8,
      "depth": 4,
      "seed": 42,
      "d_shift": 0,
      "butterfly_qubit": 6,
      "measure_qubit": 0,
      "n_mc": 10,
      "identity_Z": [
        1.0000000000000044,
        1.0000000000000044,
        1.0000000000000044,
        1.0000000000000044,
        1.0000000000000044,
        1.0000000000000044,
        1.0000000000000044,
        1.0000000000000044
      ],
      "random_Z_mean": [
        1.000000000000004,
        1.000000000000004,
        1.000000000000004,
        1.000000000000004,
        -0.14049550053654553,
        0.24004262337617618,
        0.15172354061817622,
        0.12504988289162433
      ],
      "random_Z_std": [
        2.5316980181136773e-16,
        2.5316980181136773e-16,
        2.5316980181136773e-16,
        2.5316980181136773e-16,
        0.4772036903153142,
        0.24486329785334057,
        0.41916128267001956,
        0.5099647564479134
      ],
      "delta_c4_spatial": [
        4.440892098500626e-16,
        4.440892098500626e-16,
        4.440892098500626e-16,
        4.440892098500626e-16,
        1.14049550053655,
        0.7599573766238282,
        0.8482764593818282,
        0.8749501171083801
      ],
      "delta_c4_scalar": 4.440892098500626e-16,
      "delta_c4_mean_all": 0.45295993170632354,
      "delta_c4_max": 1.14049550053655,
      "pct_negative": 0.0,
      "mb_ratio": 0.8571428571428571,
      "elapsed_s": 0.1048891544342041
    },
    {
      "n_sys": 10,
      "depth": 5,
      "seed": 42,
      "d_shift": 0,
      "butterfly_qubit": 7,
      "measure_qubit": 0,
      "n_mc": 10,
      "identity_Z": [
        1.000000000000004,
        1.000000000000004,
        1.000000000000004,
        1.000000000000004,
        1.000000000000004,
        1.000000000000004,
        1.000000000000004,
        1.000000000000004,
        1.000000000000004,
        1.000000000000004
      ],
      "random_Z_mean": [
        1.0000000000000049,
        1.0000000000000049,
        0.7558948704754141,
        0.07033556642916275,
        0.13283047224221958,
        0.1795876398515486,
        0.08443985025746,
        -0.005984702528690733,
        0.24071790285709352,
        0.07285962425213635
      ],
      "random_Z_std": [
        4.271113254555058e-16,
        4.271113254555058e-16,
        0.05829054709928434,
        0.22199717210830527,
        0.21692805503822882,
        0.15070054670122557,
        0.19403518930103952,
        0.1401196405940069,
        0.2362169861500862,
        0.3399723839255365
      ],
      "delta_c4_spatial": [
        -8.881784197001252e-16,
        -8.881784197001252e-16,
        0.24410512952458985,
        0.9296644335708413,
        0.8671695277577844,
        0.8204123601484554,
        0.915560149742544,
        1.0059847025286948,
        0.7592820971429105,
        0.9271403757478677
      ],
      "delta_c4_scalar": -8.881784197001252e-16,
      "delta_c4_mean_all": 0.6469318776163686,
      "delta_c4_max": 1.0059847025286948,
      "pct_negative": 20.0,
      "mb_ratio": 0.7777777777777778,
      "elapsed_s": 0.17990684509277344
    }
  ]
}