{
  "timestamp": "20260402_174138",
  "phase": "ideal_simulator",
  "framework_constants": {
    "cos_beta": 0.9497657153816387,
    "cos2_beta": 0.9020549141143959,
    "hex_pack": 0.9068996821171089,
    "inv_pi": 0.3183098861837907,
    "sin2_beta": 0.09794508588560417
  },
  "results": [
    {
      "n_sys": 4,
      "depth": 4,
      "seed": 42,
      "d_shift": 0,
      "butterfly_qubit": 3,
      "measure_qubit": 0,
      "n_mc": 10,
      "identity_Z": [
        -0.49445448985378265,
        0.2822188637458889,
        0.9948185544221372,
        0.9948303269607947
      ],
      "random_Z_mean": [
        -0.48696511760518046,
        0.25641933388714067,
        0.6376766876176201,
        0.41917562504586314
      ],
      "random_Z_std": [
        0.004581598264758168,
        0.013757545271504879,
        0.36739462656438565,
        0.6800936705942915
      ],
      "delta_c4_spatial": [
        -0.0074893722486021885,
        0.025799529858748227,
        0.3571418668045171,
        0.5756547019149315
      ],
      "delta_c4_scalar": -0.0074893722486021885,
      "delta_c4_mean_all": 0.23777668158239867,
      "delta_c4_max": 0.5756547019149315,
      "pct_negative": 25.0,
      "mb_ratio": 1.0,
      "elapsed_s": 0.04982709884643555
    },
    {
      "n_sys": 6,
      "depth": 4,
      "seed": 42,
      "d_shift": 0,
      "butterfly_qubit": 4,
      "measure_qubit": 0,
      "n_mc": 10,
      "identity_Z": [
        -0.5000000000000007,
        0.4980305768440041,
        0.30688660357883535,
        0.309837890012723,
        1.0,
        1.0
      ],
      "random_Z_mean": [
        0.008301820045068672,
        0.4980305768440038,
        0.14754964686275723,
        0.07615903351369771,
        -0.20288224284103773,
        -0.04087917135316243
      ],
      "random_Z_std": [
        0.3880982890255333,
        2.8522145930998397e-16,
        0.1366632240918628,
        0.13109343662979842,
        0.29679690662071306,
        0.349732573809449
      ],
      "delta_c4_spatial": [
        -0.5083018200450693,
        2.7755575615628914e-16,
        0.15933695671607812,
        0.23367885649902528,
        1.2028822428410377,
        1.0408791713531624
      ],
      "delta_c4_scalar": -0.5083018200450693,
      "delta_c4_mean_all": 0.35474590122737243,
      "delta_c4_max": 1.2028822428410377,
      "pct_negative": 16.666666666666668,
      "mb_ratio": 0.8,
      "elapsed_s": 0.0659036636352539
    },
    {
      "n_sys": 8,
      "depth": 6,
      "seed": 42,
      "d_shift": 0,
      "butterfly_qubit": 6,
      "measure_qubit": 0,
      "n_mc": 10,
      "identity_Z": [
        0.7578125000000031,
        0.8197080715868899,
        0.9315074996551755,
        0.8931792223627428,
        0.9156779215789306,
        0.9192410641343782,
        0.9252011901245716,
        0.9504971675001292
      ],
      "random_Z_mean": [
        0.865323076948715,
        0.6066422645292721,
        0.4596985507438265,
        0.1628852186023831,
        0.04849761492748257,
        0.05674529129450452,
        0.05360977016593586,
        0.10713001581591589
      ],
      "random_Z_std": [
        0.025016283183763807,
        0.05289111805167516,
        0.08306404129877583,
        0.15180570847246488,
        0.13506685956663106,
        0.18902835883753616,
        0.1858707634446209,
        0.24686058041657713
      ],
      "delta_c4_spatial": [
        -0.10751057694871191,
        0.2130658070576178,
        0.47180894891134906,
        0.7302940037603598,
        0.867180306651448,
        0.8624957728398737,
        0.8715914199586358,
        0.8433671516842134
      ],
      "delta_c4_scalar": -0.10751057694871191,
      "delta_c4_mean_all": 0.5940366042393481,
      "delta_c4_max": 0.8715914199586358,
      "pct_negative": 12.5,
      "mb_ratio": 0.8571428571428571,
      "elapsed_s": 0.12537598609924316
    },
    {
      "n_sys": 10,
      "depth": 7,
      "seed": 42,
      "d_shift": 0,
      "butterfly_qubit": 7,
      "measure_qubit": 0,
      "n_mc": 10,
      "identity_Z": [
        0.9379882812500111,
        0.964768365368465,
        0.948632335375754,
        0.9802722056834581,
        0.9664161046391213,
        0.9717370545700006,
        0.9680898648643246,
        0.9690438622031772,
        0.9801254266201931,
        0.9881719683265575
      ],
      "random_Z_mean": [
        0.9675420476177781,
        0.9745321524353463,
        0.6423429168675931,
        0.27884491793015764,
        0.09083941347340922,
        0.0425373969837594,
        0.024769616166957907,
        -0.006255463836061457,
        -0.04335199183606979,
        0.06821602537901525
      ],
      "random_Z_std": [
        0.006236180593164208,
        0.0020181164253026767,
        0.05949304869685709,
        0.10810247668267041,
        0.0810513922938521,
        0.08456066922136644,
        0.10155462471177218,
        0.07660448876068512,
        0.07731734114443023,
        0.11603751514724275
      ],
      "delta_c4_spatial": [
        -0.029553766367766965,
        -0.009763787066881302,
        0.3062894185081608,
        0.7014272877533004,
        0.8755766911657121,
        0.9291996575862412,
        0.9433202486973666,
        0.9752993260392386,
        1.023477418456263,
        0.9199559429475422
      ],
      "delta_c4_scalar": -0.029553766367766965,
      "delta_c4_mean_all": 0.6635228437719177,
      "delta_c4_max": 1.023477418456263,
      "pct_negative": 20.0,
      "mb_ratio": 0.7777777777777778,
      "elapsed_s": 0.19821429252624512
    },
    {
      "n_sys": 12,
      "depth": 9,
      "seed": 42,
      "d_shift": 0,
      "butterfly_qubit": 9,
      "measure_qubit": 0,
      "n_mc": 10,
      "identity_Z": [
        0.9379882812500178,
        0.9397823326867302,
        0.9569650295441079,
        0.9722227557232286,
        0.9655541311244908,
        0.9715028881084393,
        0.9714358690291911,
        0.9688247294466519,
        0.9769549423566086,
        0.9754967432654011,
        0.9807528272764974,
        0.9821278890741274
      ],
      "random_Z_mean": [
        0.968518307090236,
        0.9022863604201339,
        0.7049164247253609,
        0.37965574307107824,
        0.42422167786085196,
        0.06702173222270742,
        0.049951674149026584,
        0.02885431136142554,
        -0.02160988483398563,
        0.024714628405621636,
        0.003938173801917832,
        0.035578945256644956
      ],
      "random_Z_std": [
        0.00532473578955475,
        0.006563033749798862,
        0.026091283953929338,
        0.05942190516969319,
        0.05552709417946467,
        0.08061496455346168,
        0.07326201711682005,
        0.05273200089649069,
        0.060383387825360804,
        0.06459120465846512,
        0.09822087183894637,
        0.14216464704008322
      ],
      "delta_c4_spatial": [
        -0.030530025840218245,
        0.03749597226659629,
        0.252048604818747,
        0.5925670126521503,
        0.5413324532636389,
        0.9044811558857319,
        0.9214841948801645,
        0.9399704180852263,
        0.9985648271905943,
        0.9507821148597795,
        0.9768146534745795,
        0.9465489438174824
      ],
      "delta_c4_scalar": -0.030530025840218245,
      "delta_c4_mean_all": 0.6692966937795394,
      "delta_c4_max": 0.9985648271905943,
      "pct_negative": 8.333333333333334,
      "mb_ratio": 0.8181818181818182,
      "elapsed_s": 0.4406702518463135
    }
  ]
}