{
  "patch_c": {
    "name": "Patch_C_hub151",
    "qubits": [
      151,
      138,
      150,
      152,
      131,
      149,
      153,
      130,
      132
    ],
    "center": 151,
    "edges": [
      [
        130,
        131
      ],
      [
        131,
        132
      ],
      [
        131,
        138
      ],
      [
        138,
        151
      ],
      [
        149,
        150
      ],
      [
        150,
        151
      ],
      [
        151,
        152
      ],
      [
        152,
        153
      ]
    ],
    "dirac_j05": [
      151,
      130
    ],
    "dirac_j15": [
      138,
      150,
      152,
      131
    ],
    "dirac_gauge": [
      149,
      153,
      132
    ],
    "cz": 72,
    "depth": 121,
    "qpu_time": 41.95407795906067,
    "job_id": "d77in7oeecps73d64hug",
    "mean_decomp": {
      "laplacian": {
        "0": 0.22056640624999999,
        "1": 0.24167968750000002,
        "2": 0.23117578125
      },
      "dirac": {
        "0.5": 0.12175781249999999,
        "1.5": 0.2093408203125
      },
      "gauge": 0.3402018229166666,
      "lap_r2": 0.0021586340616197575,
      "dir_r2": 0.3358814529808207,
      "mixing": 0.99361426604606
    },
    "seed_decomps": [
      {
        "laplacian": {
          "0": 0.3650390625,
          "1": 0.35699869791666666,
          "2": 0.27962890625000003
        },
        "dirac": {
          "0.5": 0.11318359375,
          "1.5": 0.3337646484375
        },
        "gauge": 0.42425130208333334,
        "lap_r2": 0.05084625729051473,
        "dir_r2": 0.42944838652449613,
        "mixing": 0.8941352814459065
      },
      {
        "laplacian": {
          "0": 0.18447265625,
          "1": 0.27021484375,
          "2": 0.149609375
        },
        "dirac": {
          "0.5": 0.019042968750000014,
          "1.5": 0.23666992187499997
        },
        "gauge": 0.2527994791666666,
        "lap_r2": 0.1323906488489225,
        "dir_r2": 0.3815386710970834,
        "mixing": 0.7423952210727506
      },
      {
        "laplacian": {
          "0": 0.24111328125,
          "1": 0.26764322916666666,
          "2": 0.363671875
        },
        "dirac": {
          "0.5": 0.2013671875,
          "1.5": 0.2685302734375
        },
        "gauge": 0.46184895833333334,
        "lap_r2": 0.1177150900331605,
        "dir_r2": 0.48697643837733495,
        "mixing": 0.805330346957913
      },
      {
        "laplacian": {
          "0": 0.04345703125,
          "1": 0.13336588541666666,
          "2": 0.11498046875000001
        },
        "dirac": {
          "0.5": -0.011425781250000003,
          "1.5": 0.09926757812499999
        },
        "gauge": 0.21474609375,
        "lap_r2": 0.01438563103418078,
        "dir_r2": 0.14804319819228817,
        "mixing": 0.911434250294796
      },
      {
        "laplacian": {
          "0": 0.26875,
          "1": 0.18017578125,
          "2": 0.24798828125
        },
        "dirac": {
          "0.5": 0.28662109375,
          "1.5": 0.1084716796875
        },
        "gauge": 0.34736328125000004,
        "lap_r2": 0.01096989239140933,
        "dir_r2": 0.11134103018179897,
        "mixing": 0.9103114246820976
      }
    ],
    "mixings": [
      0.8941352814459065,
      0.7423952210727506,
      0.805330346957913,
      0.911434250294796,
      0.9103114246820976
    ],
    "lap_r2s": [
      0.05084625729051473,
      0.1323906488489225,
      0.1177150900331605,
      0.01438563103418078,
      0.01096989239140933
    ],
    "dir_r2s": [
      0.42944838652449613,
      0.3815386710970834,
      0.48697643837733495,
      0.14804319819228817,
      0.11134103018179897
    ]
  },
  "all_dc4": [
    [
      0.3650390625,
      0.2794921875,
      0.42802734375,
      0.3634765625,
      0.2640625,
      0.35263671875,
      0.407421875,
      -0.138671875,
      0.5126953125
    ],
    [
      0.18447265625,
      0.28369140625,
      0.2322265625,
      0.2947265625,
      0.13603515625,
      0.25498046875,
      0.42109375,
      -0.14638671874999998,
      0.08232421875000001
    ],
    [
      0.24111328125,
      0.27880859375,
      0.1861328125,
      0.33798828125,
      0.27119140625,
      0.2669921875,
      0.43173828125,
      0.16162109375,
      0.68681640625
    ],
    [
      0.04345703125,
      0.10673828125,
      0.21767578125,
      0.07568359375,
      -0.0030273437500000014,
      0.22666015625,
      0.61494140625,
      -0.06630859375,
      -0.19736328125000002
    ],
    [
      0.26875,
      -0.0810546875,
      0.3310546875,
      0.29052734375,
      -0.106640625,
      0.28974609375,
      0.9599609375,
      0.3044921875,
      -0.2076171875
    ]
  ]
}