{
  "backend": "ibm_kingston",
  "total_wall_time_s": 55.81416034698486,
  "shots": 2048,
  "n_mc": 5,
  "framework_constants": {
    "cos_beta": 0.9497657153816387,
    "cos2_beta": 0.9020549141143959,
    "hex_pack": 0.9068996821171089,
    "inv_pi": 0.3183098861837907
  },
  "results": [
    {
      "config_name": "A_10q",
      "n_sys": 10,
      "depth": 7,
      "butterfly_qubit": 7,
      "measure_qubit": 0,
      "mb_distance": 7,
      "mb_ratio": 0.7777777777777778,
      "transpiled_depth": 110,
      "transpiled_cz": 69,
      "qpu_wall_time": 9.40249514579773,
      "shots": 2048,
      "n_mc": 5,
      "job_id": "d77fbjik86tc739u3jtg",
      "z_identity": [
        0.85546875,
        0.8603515625,
        0.79296875,
        0.7392578125,
        0.7353515625,
        0.763671875,
        0.619140625,
        0.6552734375,
        0.560546875,
        0.7197265625
      ],
      "z_random_mean": [
        0.857421875,
        0.8693359375,
        0.6248046875,
        0.255078125,
        0.122265625,
        0.0548828125,
        -0.015234375,
        0.0228515625,
        -0.04140625,
        0.0318359375
      ],
      "z_random_std": [
        0.006737573558851695,
        0.010249720127657755,
        0.05494984507378353,
        0.06511673055853474,
        0.0707705350264479,
        0.0491799822518967,
        0.05945204705001754,
        0.08076496602072043,
        0.058855534990546444,
        0.05527585297283978
      ],
      "delta_c4": [
        -0.001953125,
        -0.008984375000000044,
        0.16816406250000004,
        0.4841796875,
        0.6130859375,
        0.7087890625,
        0.634375,
        0.632421875,
        0.601953125,
        0.687890625
      ],
      "delta_c4_scalar": -0.001953125,
      "legendre_coeffs": [
        0.5301709382509521,
        -0.3111446649917942,
        -0.24055000231062232
      ]
    },
    {
      "config_name": "A_16q",
      "n_sys": 16,
      "depth": 12,
      "butterfly_qubit": 12,
      "measure_qubit": 0,
      "mb_distance": 12,
      "mb_ratio": 0.8,
      "transpiled_depth": 184,
      "transpiled_cz": 129,
      "qpu_wall_time": 8.83333420753479,
      "shots": 2048,
      "n_mc": 5,
      "job_id": "d77fbm1q1efs73d0ir50",
      "z_identity": [
        0.791015625,
        0.8525390625,
        0.701171875,
        0.626953125,
        0.52734375,
        0.6328125,
        0.5458984375,
        0.4638671875,
        0.4169921875,
        0.46875,
        0.5322265625,
        0.5078125,
        0.48828125,
        0.47265625,
        0.5634765625,
        0.625
      ],
      "z_random_mean": [
        0.7607421875,
        0.7953125,
        0.610546875,
        0.4734375,
        0.2970703125,
        0.441015625,
        0.2572265625,
        0.1337890625,
        -0.006640625,
        0.0396484375,
        -0.00625,
        0.01640625,
        0.0044921875,
        0.018359375,
        -0.009375,
        0.0626953125
      ],
      "z_random_std": [
        0.050706074163074884,
        0.069867843124929,
        0.07875333264277615,
        0.07376350925662066,
        0.025921434689599794,
        0.035359654633229244,
        0.016510550160475042,
        0.02392877054029965,
        0.024662022058850933,
        0.015741751312195223,
        0.0194196027683289,
        0.025899350709766837,
        0.03235120309659094,
        0.024019467405692514,
        0.058900887728414696,
        0.06936041601353263
      ],
      "delta_c4": [
        0.0302734375,
        0.05722656250000002,
        0.09062499999999996,
        0.153515625,
        0.2302734375,
        0.19179687499999998,
        0.288671875,
        0.330078125,
        0.4236328125,
        0.4291015625,
        0.5384765625,
        0.49140625,
        0.4837890625,
        0.454296875,
        0.5728515625,
        0.5623046875
      ],
      "delta_c4_scalar": 0.0302734375,
      "legendre_coeffs": [
        0.3499923791016819,
        -0.23965438922606608,
        -0.05717005328987566
      ]
    },
    {
      "config_name": "A_20q",
      "n_sys": 20,
      "depth": 15,
      "butterfly_qubit": 15,
      "measure_qubit": 0,
      "mb_distance": 15,
      "mb_ratio": 0.7894736842105263,
      "transpiled_depth": 250,
      "transpiled_cz": 289,
      "qpu_wall_time": 9.967427730560303,
      "shots": 2048,
      "n_mc": 5,
      "job_id": "d77fbo9q1efs73d0ir7g",
      "z_identity": [
        0.625,
        0.4951171875,
        0.4541015625,
        0.462890625,
        0.4375,
        0.44921875,
        0.3388671875,
        0.318359375,
        0.2734375,
        0.2900390625,
        0.328125,
        0.3154296875,
        0.3203125,
        0.3916015625,
        0.3359375,
        0.3662109375,
        0.4248046875,
        0.3935546875,
        0.5,
        0.56640625
      ],
      "z_random_mean": [
        0.5951171875,
        0.4681640625,
        0.4544921875,
        0.445703125,
        0.38359375,
        0.386328125,
        0.1548828125,
        0.0845703125,
        0.047265625,
        0.0357421875,
        0.019140625,
        0.028125,
        0.0052734375,
        0.004296875,
        -0.0029296875,
        -0.001171875,
        0.0134765625,
        0.039453125,
        0.0408203125,
        0.1169921875
      ],
      "z_random_std": [
        0.0077290464599255385,
        0.02211951788102676,
        0.02836809008650829,
        0.02219698850808652,
        0.0213096589015404,
        0.007802728263843038,
        0.019770024831444636,
        0.02029371126228209,
        0.02819273527463458,
        0.013610352648581521,
        0.02104123961767551,
        0.011918864298744029,
        0.02133828169335572,
        0.021347218445304825,
        0.02441015593744999,
        0.02547611808681687,
        0.019710118455535726,
        0.03384940872014052,
        0.03594174567312013,
        0.05581428468591172
      ],
      "delta_c4": [
        0.029882812500000022,
        0.026953125000000022,
        -0.0003906249999999778,
        0.017187500000000022,
        0.05390624999999999,
        0.06289062499999998,
        0.183984375,
        0.2337890625,
        0.226171875,
        0.254296875,
        0.308984375,
        0.2873046875,
        0.3150390625,
        0.3873046875,
        0.3388671875,
        0.3673828125,
        0.411328125,
        0.3541015625,
        0.4591796875,
        0.4494140625
      ],
      "delta_c4_scalar": 0.029882812500000022,
      "legendre_coeffs": [
        0.25026134763806257,
        -0.20242300539078054,
        -0.04133023091499982
      ]
    },
    {
      "config_name": "B_12q_bf3_close",
      "n_sys": 12,
      "depth": 9,
      "butterfly_qubit": 3,
      "measure_qubit": 0,
      "mb_distance": 3,
      "mb_ratio": 0.2727272727272727,
      "transpiled_depth": 154,
      "transpiled_cz": 111,
      "qpu_wall_time": 8.769910097122192,
      "shots": 2048,
      "n_mc": 5,
      "job_id": "d77fbqrc6das739gmucg",
      "z_identity": [
        -0.4296875,
        0.31640625,
        0.1796875,
        0.2236328125,
        0.1904296875,
        0.4140625,
        0.4423828125,
        0.4111328125,
        0.59765625,
        0.65625,
        0.294921875,
        0.6875
      ],
      "z_random_mean": [
        0.0244140625,
        -0.01171875,
        0.0388671875,
        0.0103515625,
        0.01640625,
        0.0814453125,
        0.1541015625,
        0.137890625,
        0.35390625,
        0.4689453125,
        0.614453125,
        0.787890625
      ],
      "z_random_std": [
        0.073269526147738,
        0.03738079197125761,
        0.07313768586542782,
        0.02291574187291211,
        0.04621689720128411,
        0.05434322437209859,
        0.06223209181727001,
        0.04931940352896744,
        0.03863338520177125,
        0.024444512261190654,
        0.10768681816111043,
        0.02861444776845693
      ],