{
  "experiment": "holographic_sphere_S2_N3",
  "backend": "ibm_fez",
  "sphere_qubits": [
    0,
    1,
    2,
    3,
    4,
    5,
    6,
    16,
    23
  ],
  "center": 3,
  "antipode": 0,
  "ring1": [
    2,
    4,
    16
  ],
  "ring2": [
    1,
    5,
    23,
    0,
    6
  ],
  "hw_edges": [
    [
      0,
      1
    ],
    [
      1,
      2
    ],
    [
      2,
      3
    ],
    [
      3,
      4
    ],
    [
      4,
      5
    ],
    [
      5,
      6
    ],
    [
      3,
      16
    ],
    [
      16,
      23
    ]
  ],
  "cos_beta": 0.9497657153816387,
  "shots": 5000,
  "n_mc": 10,
  "results": [
    {
      "depth": 4,
      "cz": 41,
      "tr_depth": 65,
      "qpu_time": 21.9888334274292,
      "dc4_all": [
        -0.13424000000000003,
        -0.07232000000000005,
        0.46787999999999996,
        0.74804,
        0.58948,
        0.7490800000000001,
        0.5964,
        0.55064,
        0.47839999999999994
      ],
      "z_id": [
        -0.6108,
        0.5364,
        0.8712,
        0.7196,
        0.812,
        0.802,
        0.8632,
        0.804,
        0.9208
      ],
      "z_rnd": [
        -0.47656,
        0.60872,
        0.40332,
        -0.028439999999999986,
        0.22252,
        0.05291999999999999,
        0.2668,
        0.25336000000000003,
        0.4424
      ],
      "dc4_l0": 0.74804,
      "dc4_l1": 0.536,
      "dc4_l2": 0.323464,
      "job_id": "d77ftageecps73d617rg"
    },
    {
      "depth": 6,
      "cz": 73,
      "tr_depth": 108,
      "qpu_time": 22.845999717712402,
      "dc4_all": [
        -0.02560000000000001,
        0.0694,
        0.17804,
        0.20744,
        0.28616,
        0.29408,
        0.4642,
        0.28812000000000004,
        0.37652
      ],
      "z_id": [
        -0.0656,
        0.0804,
        0.1676,
        0.2028,
        0.2792,
        0.2812,
        0.472,
        0.3048,
        0.452
      ],
      "z_rnd": [
        -0.039999999999999994,
        0.011000000000000001,
        -0.01044,
        -0.00464,
        -0.006960000000000001,
        -0.012879999999999999,
        0.0078,
        0.016679999999999997,
        0.07547999999999999
      ],
      "dc4_l0": 0.20744,
      "dc4_l1": 0.25077333333333335,
      "dc4_l2": 0.23571999999999999,
      "job_id": "d77ftg1q1efs73d0jh1g"
    },
    {
      "depth": 8,
      "cz": 105,
      "tr_depth": 151,
      "qpu_time": 22.316410064697266,
      "dc4_all": [
        -0.04508000000000001,
        0.04900000000000001,
        0.17264,
        0.13836,
        0.15044000000000002,
        0.21688,
        0.1882,
        0.17572000000000002,
        0.20776
      ],
      "z_id": [
        -0.058,
        0.07,
        0.176,
        0.1388,
        0.1456,
        0.2316,
        0.258,
        0.1904,
        0.248
      ],
      "z_rnd": [
        -0.012919999999999997,
        0.020999999999999998,
        0.0033599999999999993,
        0.0004400000000000004,
        -0.0048400000000000006,
        0.014720000000000002,
        0.0698,
        0.014679999999999999,
        0.04023999999999999
      ],
      "dc4_l0": 0.13836,
      "dc4_l1": 0.16626666666666667,
      "dc4_l2": 0.12335199999999999,
      "job_id": "d77ftlqk86tc739u49mg"
    },
    {
      "depth": 10,
      "cz": 137,
      "tr_depth": 183,
      "qpu_time": 22.331243991851807,
      "dc4_all": [
        0.0014799999999999987,
        0.03167999999999999,
        0.015439999999999999,
        0.018520000000000002,
        0.05196,
        0.11032,
        0.1686,
        0.07592,
        0.08892
      ],
      "z_id": [
        0.0132,
        0.0384,
        0.0236,
        0.024,
        0.0388,
        0.1288,
        0.178,
        0.0708,
        0.1916
      ],
      "z_rnd": [
        0.011720000000000001,
        0.006720000000000001,
        0.00816,
        0.0054800000000000005,
        -0.01316,
        0.01848,
        0.009400000000000002,
        -0.0051199999999999996,
        0.10268
      ],
      "dc4_l0": 0.018520000000000002,
      "dc4_l1": 0.047773333333333334,
      "dc4_l2": 0.08020000000000001,
      "job_id": "d77ftrgeecps73d618eg"
    },
    {
      "depth": 12,
      "cz": 169,
      "tr_depth": 233,
      "qpu_time": 22.19353199005127,
      "dc4_all": [
        0.005520000000000001,
        0.01648,
        0.03496,
        0.01464,
        0.061720000000000004,
        0.046880000000000005,
        0.10891999999999999,
        0.00896,
        0.061000000000000006
      ],
      "z_id": [
        0.006,
        0.0216,
        0.048,
        0.0204,
        0.064,
        0.0684,
        0.1352,
        0.0084,
        0.0912
      ],
      "z_rnd": [
        0.00047999999999999963,
        0.005120000000000001,
        0.013040000000000005,
        0.00576,
        0.00228,
        0.02152,
        0.026279999999999998,
        -0.0005600000000000001,
        0.030199999999999998
      ],
      "dc4_l0": 0.01464,
      "dc4_l1": 0.03521333333333333,
      "dc4_l2": 0.04776,
      "job_id": "d77fu13c6das739gnk6g"
    }
  ]
}